Website,name,detail
https://linktr.ee/influencermarketing.tech2globe,Influencers Marketing India,https://in.linkedin.com/company/influencers-marketing-india/about/
,Uplift India,https://in.linkedin.com/company/upliftict/about/
,Timedart India.,https://in.linkedin.com/company/timedart-india./about/
https://www.linkedin.com/company/tis-consultant-india/about/www.tisconsultant.com,TIS CONSULTANT INDIA,https://in.linkedin.com/company/tis-consultant-india/about/
https://www.linkedin.com/company/triaxialindia/about/triaxialindia.in,TriAxial India,https://in.linkedin.com/company/triaxialindia/about/
tel:9205658119,Webquick India Pvt Ltd,https://in.linkedin.com/company/webquick-india-pvt-ltd/about/
http://www.itfsindia.com/,ITFS India,https://in.linkedin.com/company/itfs-india/about/
https://www.linkedin.com/company/amctechindia/,MadOverFish India Pvt Limited,https://in.linkedin.com/company/madoverfish-india-pvt-limited?trk=similar-pages/about/
http://www.thefreedomtoday.com/,Freedom For India,https://in.linkedin.com/company/freedom-for-india/about/
http://vipanankart.com/,Vipanankart India Pvt Ltd,https://in.linkedin.com/company/vipanankart-india-pvt-ltd/about/
http://admininfosolution.com/,Admin Info Solution - India,https://in.linkedin.com/company/admin-info-solution---india/about/
,Pooja Garments International - India,https://in.linkedin.com/company/pooja-garments-international---india/about/
http://aoneindustries.in/,A One Industries - India,https://in.linkedin.com/company/a-one-industries---india/about/
http://aadhilakshmi.in/,Aadhilakshmi Traders - India,https://in.linkedin.com/company/aadhilakshmi-traders---india/about/
https://ecommerceserviceprovider.in/,Ecommerce service provider,https://in.linkedin.com/company/ecommerce-service-provider/about/
https://riverscape.in/,Riverscape India,https://www.linkedin.com/company/riverscape-india/about/
http://www.rexhome.in/,Rex Home India,https://in.linkedin.com/company/rex-home/about/
http://www.invisibleindiapodcast.com/,Invisible India Podcast,https://www.linkedin.com/company/invisible-india-podcast/about/
https://www.linkedin.com/company/nimit-electronics-and-equipments/,"Nimit Electronics & Equipments - Employees, Jobs, Stock & ...",https://in.linkedin.com/company/nimit-electronics-equipments?trk=similar-pages/about/
http://diabeticorthofootwearindia.com/,Diabeticortho Footwear India,https://in.linkedin.com/company/diabeticortho-footwear-india/about/
https://pvrenewables.co.in/,PV Renewables India Pvt Ltd,https://in.linkedin.com/company/pv-renewables-india-pvt-ltd/about/
https://www.linkedin.com/company/enneamatchmaker/,ENNEAGRAM SOCIETY OF INDIA,https://in.linkedin.com/company/enneagram-society-of-india?trk=public_profile_profile-section-card_subtitle-click/about/
http://guptaplaters.com/,GUPTA PLATERS - India,https://in.linkedin.com/company/gupta-platers---india/about/
http://www.mydreammyjob.com/index.aspx,MDMJ INDIA,https://in.linkedin.com/company/mdmj-india-pvt-ltd/about/
,Kalyan Hospital - India,https://in.linkedin.com/company/kalyan-hospital---india/about/
,Kings Group Of Institutions - India,https://in.linkedin.com/company/kings-group-of-institutions---india/about/
http://swamiplastics.com/,Swami Enterprise - India,https://in.linkedin.com/company/swami-enterprise---india/about/
http://wowpets.co.in/,WOWPets India,https://in.linkedin.com/company/wowpetsindia/about/
http://nnagaraju.com/,Nagaraju - India,https://in.linkedin.com/company/nagaraju---india/about/
http://aarya24kt.com/,Aarya 24kt - India,https://in.linkedin.com/company/aarya-24kt---india/about/
https://www.linkedin.com/company/6ixiside-clothing-co/,Natures Natural India,https://in.linkedin.com/company/naturesnaturalindia?trk=similar-pages/about/
http://hoteltheleisure.com/,Hotel The Leisure Inn - India,https://in.linkedin.com/company/hotel-the-leisure-inn---india/about/
http://waheguruenterprises.com/,Waheguru Enterprises - India,https://in.linkedin.com/company/waheguru-enterprises---india/about/
https://www.linkedin.com/company/greenfeedtech-agri-hydroponics-private-limited/,Buckaroo India,https://in.linkedin.com/company/buckaroo-india?trk=public_jobs_jserp-result_job-search-card-subtitle/about/
http://tactileindia.biz/,TACTILE INDIA,https://in.linkedin.com/company/tactileindia/about/
http://hotelkohinoorpalace.com/,Hotel Kohinoor Palace - India,https://in.linkedin.com/company/hotel-kohinoor-palace---india/about/
http://vinayakonline.com/,Hotel Vinayak - India,https://in.linkedin.com/company/hotel-vinayak---india/about/
https://www.linkedin.com/company/tradona-india/about/Tradona.in,Tradona India,https://in.linkedin.com/company/tradona-india/about/
https://www.linkedin.com/company/heera-audio-visual-india/about/www.heeraeventplanningcompany.com,HEERA Audio Visual India,https://in.linkedin.com/company/heera-audio-visual-india/about/
https://www.linkedin.com/company/clay-india-international-school/about/www.ciis.co.in,Clay India International School,https://in.linkedin.com/company/clay-india-international-school/about/
http://www.mangalindia.com/,Mangal India,https://in.linkedin.com/company/mangal-india/about/
https://nutrygenomics.in/,Nutrigenomics India,https://in.linkedin.com/company/nutrigenomics-india/about/
http://patelmech.com/,Patelmech India,https://in.linkedin.com/company/patelmech-india/about/
http://biaindia.org/,Bombay Industries Association - India,https://in.linkedin.com/company/bombay-industries-association---india/about/
http://mikronixassociates.com/,Mikronix Associates - India,https://in.linkedin.com/company/mikronix-associates---india/about/
http://sabrang.com/,Sabrang - India,https://in.linkedin.com/company/sabrang---india/about/
http://www.advizorsindia.com/,Zaisan Advizors India,https://in.linkedin.com/company/zaisan-advizors-india/about/
,Chugh Hospital - India,https://in.linkedin.com/company/chugh-hospital---india/about/
http://piranahimpressions.com/,Piranah Impressions - India,https://in.linkedin.com/company/piranah-impressions---india/about/
https://www.linkedin.com/company/prisum-rove-india-pvt-ltd/about/www.prisumindia.com,PriSum Rove India Pvt Ltd,https://in.linkedin.com/company/prisum-rove-india-pvt-ltd/about/
http://sanjeevannetralaya.com/,Sanjeevan Netralaya - India,https://in.linkedin.com/company/sanjeevan-netralaya---india/about/
http://perfectmachinetools.org/,PERFECT MACHINE TOOLS - India,https://in.linkedin.com/company/perfect-machine-tools---india/about/
http://takshshila.net/,Takshshila - India,https://in.linkedin.com/company/takshshila---india/about/
http://nahasskinclinic.com/,Nahas Skin Clinic - India,https://in.linkedin.com/company/nahas-skin-clinic---india/about/
http://www.marciametsindia.com/,Marcia Mets India Pvt. Ltd.,https://in.linkedin.com/company/marcia-mets-india/about/
http://vigneshmachinetools.com/,Vignesh Machine Tools - India,https://in.linkedin.com/company/vignesh-machine-tools---india/about/
,Nishat Interior - India,https://in.linkedin.com/company/nishat-interior---india/about/
,Mai TVS - India,https://in.linkedin.com/company/mai-tvs---india/about/
,Kaushik Dental Clinic - India,https://in.linkedin.com/company/kaushik-dental-clinic---india/about/
,Jariwala Industries - India,https://in.linkedin.com/company/jariwala-industries---india/about/
http://tikkajunction.com/,Tikka Junction - India,https://in.linkedin.com/company/tikka-junction---india/about/
https://www.iiuler.com/,India International University of Legal Education and ...,https://in.linkedin.com/company/iiuler-01/about/
,Mitali Alloys Private Limited - India,https://in.linkedin.com/company/mitali-alloys-private-limited---india/about/
http://upavanresort.com/,Upavan Resort - India,https://in.linkedin.com/company/upavan-resort---india/about/
http://avnirvanaindia.com/,Nirvana India,https://in.linkedin.com/company/nirvana-india/about/
https://www.essrbee.com/,ESSRBEE PACKERS & MOVERS INDIA PVT. LTD.,https://in.linkedin.com/company/essrbee-packers-movers-india-pvt-ltd/about/
https://www.linkedin.com/company/packsystem/about/www.packsystemindia.com,Pack System India,https://in.linkedin.com/company/packsystem/about/
http://globaltravelsindia.com/,Global Tour & Travels - India,https://in.linkedin.com/company/global-tour-&-travels---india/about/
http://suravie.com/,Sura Vie - India,https://in.linkedin.com/company/sura-vie---india/about/
http://hotelgeetanjali.co.in/,HOTEL GEETANJALI - India,https://in.linkedin.com/company/hotel-geetanjali---india/about/
,Vijaya Traders - India,https://in.linkedin.com/company/vijaya-traders---india/about/
http://shishuvihar.org/,Shishuvihar - India,https://in.linkedin.com/company/shishuvihar---india/about/
http://sagarstudio.co.in/,SAGAR STUDIO - India,https://in.linkedin.com/company/sagar-studio---india/about/
https://www.linkedin.com/company/flintindia/about/www.flintindia.com,FLINT INDIA,https://in.linkedin.com/company/flintindia/about/
http://mughaldarbarjnu.com/,Mughal Darbar - India,https://in.linkedin.com/company/mughal-darbar---india/about/
http://mebesto.com/,Mebesto Products - India,https://in.linkedin.com/company/mebesto-products---india/about/
http://thiruthangalnadarvidhyalaya.org/,Thiruthangal Nadar Vidhyalaya - India,https://in.linkedin.com/company/thiruthangal-nadar-vidhyalaya---india/about/
http://hotelsaweragrand.com/,Hotel Sawera Grand - India,https://in.linkedin.com/company/hotel-sawera-grand---india/about/
,Tectonics India,https://in.linkedin.com/company/tectonics-india/about/
http://sichrem.org/,Sichrem - India,https://in.linkedin.com/company/sichrem---india/about/
http://baxxico.com/,Baxxico - India,https://in.linkedin.com/company/baxxico---india/about/
http://guppybyai.com/,Guppy By Ai - India,https://in.linkedin.com/company/guppy-by-ai---india/about/
,Nishant Impex - India,https://in.linkedin.com/company/nishant-impex---india/about/
,Lohar Forging & Engineering Works - India,https://in.linkedin.com/company/lohar-forging-&-engineering-works---india/about/
http://greentechbuilders.in/,Greentech Builders - India,https://in.linkedin.com/company/greentech-builders---india/about/
https://www.dealssend.com/,Deals Send Exim,https://in.linkedin.com/company/deals-send-exim/about/
http://newageindustries.in/,New Age Industries - India,https://in.linkedin.com/company/new-age-industries---india/about/
,Jain Toddlers - India,https://in.linkedin.com/company/jain-toddlers---india/about/
http://shrutiindus.com/,Shruti Industries - India,https://in.linkedin.com/company/shruti-industries---india/about/
,Mahesh Fabricators - India,https://in.linkedin.com/company/mahesh-fabricators---india/about/
https://medonsindia.com/,Medons India,https://in.linkedin.com/company/medonsindia/about/
https://www.ibgerlach.com/,IBGerlach India Private Limited,https://in.linkedin.com/company/ibgerlach-india-private-limited-164417240/about/
http://dreamzplacement.com/,Dreamz Placement - India,https://in.linkedin.com/company/dreamz-placement---india/about/
http://yashwantind.in/,Yashwant Industries - India,https://in.linkedin.com/company/yashwant-industries---india/about/
https://www.linkedin.com/company/skyzonesindia/about/www.skyzonesindia.com,Skyzones India,https://in.linkedin.com/company/skyzonesindia/about/
http://travelkoncepts.in/,Travel Koncepts - India,https://in.linkedin.com/company/travel-koncepts---india/about/
http://homeoclinic.in/,The Homoeopath - India,https://in.linkedin.com/company/the-homoeopath---india/about/
http://dreamindiaschool.in/,Dream India School Aid,https://in.linkedin.com/company/dream-india-school-aid/about/
http://mahavedhealthcare.com/,MAHAVED HEALTHCARE - India,https://in.linkedin.com/company/mahaved-healthcare---india/about/
,Mangalya - India,https://in.linkedin.com/company/mangalya---india/about/
http://mantraamaltas.com/,Mantra Amaltas - India,https://in.linkedin.com/company/mantra-amaltas---india/about/
http://www.nauticsit.com/,NauticsIT CyberTech India Pvt Ltd,https://in.linkedin.com/company/nauticsit-cybertec-india-pvt-ltd/about/
http://www.walkkarindia.com/,Walk Kar India,https://in.linkedin.com/company/walkkarindia/about/
http://www.sempiternindia.com/,Sempitern India,https://in.linkedin.com/company/sempitern-india/about/
http://fitnessoneathome.com/,FitnessOne Group India Limited,https://in.linkedin.com/company/fitnessone-group-india-limited/about/
http://charlyfisheries.com/,Charly Fisheries - India,https://in.linkedin.com/company/charly-fisheries---india/about/
http://hotelapexindia.com/,Hotel Apex - India,https://in.linkedin.com/company/hotel-apex---india/about/
http://seher.in/,Seher - India,https://in.linkedin.com/company/seher---india/about/
http://krishnadreamdevelopers.com/,KRISHNA DREAM DEVELOPERS - India,https://in.linkedin.com/company/krishna-dream-developers---india/about/
,MONEYCONTROL.DOT COM INDIA LIMITED,https://in.linkedin.com/company/moneycontrol.dot-com-india-limited/about/
,Maruti Nandan - India,https://in.linkedin.com/company/maruti-nandan---india/about/
,Omkar Associates - India,https://in.linkedin.com/company/omkar-associates---india/about/
,SOUTH INDIA JEWELLERS PRIVATE LIMITED,https://in.linkedin.com/company/south-india-jewellers-private-limited/about/
http://drumclosingring.com/,SHARDA ENTERPRISE - India,https://in.linkedin.com/company/sharda-enterprise---india/about/
http://abhyasacademy.com/,Abhyas Academy - India,https://in.linkedin.com/company/abhyas-academy---india/about/
http://pazheri.com/,Pazheri Gold - India,https://in.linkedin.com/company/pazheri-gold---india/about/
https://www.linkedin.com/company/common-connect/?trk=similar-pages%2Fabout%2F&originalSubdomain=in#,Commoners,https://in.linkedin.com/company/common-connect?trk=similar-pages/about/
http://hindustanhardwares.com/,Hindustan Hardwares - India,https://in.linkedin.com/company/hindustan-hardwares---india/about/
http://rudracontinental.com/,Hotel Rudra Continental - India,https://in.linkedin.com/company/hotel-rudra-continental---india/about/
http://punjabhydraulics.com/,Punjab Hydraulics - India,https://in.linkedin.com/company/punjab-hydraulics---india/about/
,Maruti Creation - India,https://in.linkedin.com/company/maruti-creation---india/about/
http://glhospitals.com/,GL Hospital - India,https://in.linkedin.com/company/gl-hospital---india/about/
,Vesper Group - India,https://in.linkedin.com/company/vesper-group---india/about/
http://hotelcorporateregency.com/,Hotel Corporate Regency - India,https://in.linkedin.com/company/hotel-corporate-regency---india/about/
,Legrand India PrivateLimited,https://in.linkedin.com/company/legrand-india-privatelimited/about/
http://hallyinstruments.com/,Hally Instruments - India,https://in.linkedin.com/company/hally-instruments---india/about/
http://deltonceramic.com/,OCTIVA CERAMIC - India,https://in.linkedin.com/company/octiva-ceramic---india/about/
http://www.acculogix.com/,Acculogix Software Solution India Private Limited,https://in.linkedin.com/company/acculogix-software-solution-india-private-limited/about/
http://shreeriddhisiddhi.com/,Shree Riddhi Siddhi - India,https://in.linkedin.com/company/shree-riddhi-siddhi---india/about/
http://kalpsutra.com/,Kalpsutra - India,https://in.linkedin.com/company/kalpsutra---india/about/
http://ngh.co.in/,New Gramophone House - India,https://in.linkedin.com/company/new-gramophone-house---india/about/
http://lucidtechnocom.net/,Lucid Technocom - India,https://au.linkedin.com/company/lucid-technocom---india/about/
http://emaxcomputer.in/,Emax - No.1 Computer Education in India,https://in.linkedin.com/company/emax---no.1-computer-education-in-india/about/
http://tinytechindia.com/,TINYTECH PLANTS - India,https://in.linkedin.com/company/tinytech-plants---india/about/
https://www.linkedin.com/company/hotelholidaygrand/about/www.hotelholidaygrand.in,Hotel Holiday Grand,https://www.linkedin.com/company/hotelholidaygrand//about/
http://reliancediagnostics.org/,Reliance Diagnostic - India,https://in.linkedin.com/company/reliance-diagnostic---india/about/
http://nalini.in/,Nalini of Nalini and Yasmin - India,https://in.linkedin.com/company/nalini-of-nalini-and-yasmin---india/about/
http://ganeshtours.com/,Ganesh Travels & Tours - India,https://in.linkedin.com/company/ganesh-travels-&-tours---india/about/
http://poojaconsultancy.com/,Pooja Consultancy - India,https://in.linkedin.com/company/pooja-consultancy---india/about/
http://zerodischargesystems.com/,Zero Discharge Systems - India,https://in.linkedin.com/company/zero-discharge-systems---india/about/
http://nrkadsystems.com/,Nrk Adsystems - India,https://in.linkedin.com/company/nrk-adsystems---india/about/
,Sheetal Enterprise - India,https://in.linkedin.com/company/sheetal-enterprise---india/about/
https://www.linkedin.com/company/victory-group-of-institutions,Victory Group of Institutions,https://in.linkedin.com/company/victory-group-of-institutions/about/
,Raksha Enterprises - India,https://in.linkedin.com/company/raksha-enterprises---india/about/
http://hargunhospital.com/,Hargun Hospital - India,https://in.linkedin.com/company/hargun-hospital---india/about/
http://navyugvidyalaya.org/,Navyug Vidyalaya - India,https://in.linkedin.com/company/navyug-vidyalaya---india/about/
http://alphaartsacademy.com/,Alpha Arts Academy - India,https://il.linkedin.com/company/alpha-arts-academy---india/about/
http://hotelthegrandraj.com/,Hotel The Grand Raj - India,https://in.linkedin.com/company/hotel-the-grand-raj---india/about/
http://www.indianfilmfistory.com/,Indian Film History,https://in.linkedin.com/company/indian-film-historyof/about/
http://simandhartechnology.com/,SIMANDHAR TECHNOLOGY - India,https://in.linkedin.com/company/simandhar-technology---india/about/
http://shreenathbus.com/,Shreenath Travellers - India,https://in.linkedin.com/company/shreenath-travellers---india/about/
,TripWalkers,https://in.linkedin.com/company/tripwalkers?trk=public_profile_experience-item_profile-section-card_subtitle-click/about/
https://owis.org/in/,One World International School- Bangalore,https://in.linkedin.com/company/one-world-international-school/about/
http://agarwalroadlines.com/,Agarwal Roadlines - India,https://in.linkedin.com/company/agarwal-roadlines---india/about/
,"Imperial Palace Hotel, Mumbai, India",https://in.linkedin.com/company/imperial-palace-hotel-mumbai-india/about/
http://ranbankaheritage.com/,Ranbanka Heritage Resort - India,https://in.linkedin.com/company/ranbanka-heritage-resort---india/about/
http://gearhobbingindia.com/,Hindustan Engineering Works - India,https://in.linkedin.com/company/hindustan-engineering-works---india/about/
,Hotel Love Kush - India,https://in.linkedin.com/company/hotel-love-kush---india/about/
http://amaabacus.com/,ABACUS 'D' MATHS ACADEMY - India,https://in.linkedin.com/company/abacus-'d'-maths-academy---india/about/
http://hotelvrindavan.webs.com/,Hotel Vrindavan - India,https://in.linkedin.com/company/hotel-vrindavan---india/about/
,Jagdamba Engineers - India,https://in.linkedin.com/company/jagdamba-engineers---india/about/
http://udaipurhandicrafts.com/,Udaipur Handicrafts - India,https://in.linkedin.com/company/udaipur-handicrafts---india/about/
http://sainathcontrols.com/,SAINATH CONTROLS - India,https://in.linkedin.com/company/sainath-controls---india/about/
http://hotelsimran.com/,Hotel Simran Heritage - India,https://in.linkedin.com/company/hotel-simran-heritage---india/about/
http://shilpconsultant.in/,Shilp Consultant - India,https://in.linkedin.com/company/shilp-consultant---india/about/
http://swastiktourstravels.com/,Swastik Tours and Travels - India,https://in.linkedin.com/company/swastik-tours-and-travels---india/about/
,Shri Jain Computers - India,https://za.linkedin.com/company/shri-jain-computers---india/about/
http://advocatebharatchugh.wordpress.com/,Bharat Chugh - India,https://in.linkedin.com/company/bharat-chugh---india/about/
http://kelegent.com/,Kelegent - India,https://in.linkedin.com/company/kelegent---india/about/
http://barwings.com/,Barwings Hospitality - India,https://in.linkedin.com/company/barwings-hospitality---india/about/
http://consciouscitizenforum.org/,Conscious Citizen Forum - India,https://in.linkedin.com/company/conscious-citizen-forum---india/about/
,Bombay Palace Cuisine Of India,https://www.linkedin.com/company/bombay-palace-cuisine-of-india/about/
http://meghaparcel.com/,Megha Parcel Service - India,https://in.linkedin.com/company/megha-parcel-service---india/about/
https://www.nusoch.in/,NuSoch India,https://in.linkedin.com/company/nusoch/about/
http://kritagyata.com/,Kritagyata Trust - India,https://in.linkedin.com/company/kritagyata-trust---india/about/
http://deluxeelectrical.com/,Deluxe Electrical Corporation - India,https://in.linkedin.com/company/deluxe-electrical-corporation---india/about/
http://lakshayinternational.co.in/,Lakshay International - India,https://in.linkedin.com/company/lakshay-international---india/about/
http://sriagencies.in/,Sri Agencies - India,https://in.linkedin.com/company/sri-agencies---india/about/
http://patkarlaboratory.com/,Patkar Laboratory - India,https://in.linkedin.com/company/patkar-laboratory---india/about/
http://wonderlandresort.in/,Wonderland Resort - India,https://in.linkedin.com/company/wonderland-resort---india/about/
http://sidharthjoshi.com/,Sidharth Joshi & Associates - India,https://in.linkedin.com/company/sidharth-joshi-&-associates---india/about/
http://www.shreesaiart.com/,SSA Marketing Solutions India,https://in.linkedin.com/company/ssa-india/about/
http://aastha-travels.com/,Aastha Travels - India,https://in.linkedin.com/company/aastha-travels---india/about/
,Arul Appalam Depot - India,https://in.linkedin.com/company/arul-appalam-depot---india/about/
http://holidayvista.in/,Holiday Vista - India,https://in.linkedin.com/company/holiday-vista---india/about/
https://www.linkedin.com/company/imaindiaorg/about/www.ima-india.org,Indian Medical Association,https://in.linkedin.com/company/imaindiaorg/about/
http://iqueideas.in/,Ique Ideas - India,https://in.linkedin.com/company/ique-ideas---india/about/
,Sanatan India,https://in.linkedin.com/company/sanatan-india/about/
http://toashavaccine.com/,Toasha Vaccines India,https://in.linkedin.com/company/toasha-vaccines-india/about/
http://mventerprises.in/,M V Enterprises - India,https://in.linkedin.com/company/m-v-enterprises---india/about/
http://fashionlovetoys.in/,Toys India,https://in.linkedin.com/company/toys-india/about/
,Shubh Laxmi Enterprises - India,https://in.linkedin.com/company/shubh-laxmi-enterprises---india/about/
http://pallkhi.com/,Pallkhi Restaurant - India,https://in.linkedin.com/company/pallkhi-restaurant---india/about/
http://deccandynamics.com/,DECCAN DYNAMICS - India,https://in.linkedin.com/company/deccan-dynamics---india/about/
http://expertcc.in/,EXPERT COACHING CLASSES - India,https://in.linkedin.com/company/expert-coaching-classes---india/about/
http://yeshasoftware.com/,Yesha Software - India,https://in.linkedin.com/company/yesha-software---india/about/
,Ameen Dental Clinic - India,https://in.linkedin.com/company/ameen-dental-clinic---india/about/
http://symbiosisadvertising.com/,Symbiosis Advertising - India,https://in.linkedin.com/company/symbiosis-advertising---india/about/
http://www.amy.cab/,Amy Cab India,https://in.linkedin.com/company/amy-cab-india/about/
http://theparkclassic.com/,The Park Classic - India,https://in.linkedin.com/company/the-park-classic---india/about/
http://olivetraveltour.com/,Olive Travels And Tours - India,https://in.linkedin.com/company/olive-travels-and-tours---india/about/
http://drcresins.com/,Dr Coats - India,https://in.linkedin.com/company/dr-coats---india/about/
,S V Traders - India,https://in.linkedin.com/company/s-v-traders---india/about/
,Hotel Darshan - India,https://in.linkedin.com/company/hotel-darshan---india/about/
http://vikraminds.com/,Vikram Industries - India,https://in.linkedin.com/company/vikram-industries---india/about/
,Plutus Partners - India,https://in.linkedin.com/company/plutus-partners---india/about/
http://tulsiindustries.com/,TULSI INDUSTRIES - India,https://in.linkedin.com/company/tulsi-industries---india/about/
http://hotelajantadehradun.com/,Hotel Ajanta Continental - India,https://in.linkedin.com/company/hotel-ajanta-continental---india/about/
http://www.iotoi.org.in/,IoT Organisation India (iotoi),https://in.linkedin.com/company/iotoi-org-in/about/
http://vipapexmedicalcentre.com/,Apex General Hospital - India,https://in.linkedin.com/company/apex-general-hospital---india/about/
https://sendriyaindia.com/,Sendriya India,https://in.linkedin.com/company/sendriya-india/about/
http://bollywoodtours.in/,Bollywood Tours - India,https://in.linkedin.com/company/bollywood-tours---india/about/
http://metromax.biz/,Metro Max Print Media - India,https://in.linkedin.com/company/metro-max-print-media---india/about/
http://mayureshengg.com/,Mayuresh Engineering Works - India,https://in.linkedin.com/company/mayuresh-engineering-works---india/about/
http://mosonleexparts.org/,Moson Le Exparts - India,https://in.linkedin.com/company/moson-le-exparts---india/about/
,HALLA VISTEON CLIMATE SYSTEMS INDIA PRIVATE ...,https://in.linkedin.com/company/halla-visteon-climate-systems-india-private-limited/about/
,SLV Properties Pvt Ltd - India,https://in.linkedin.com/company/slv-properties-pvt-ltd---india/about/
https://voiceindia.com/,Voice India,https://in.linkedin.com/company/voiceindianews/about/
,Vishal Communication - India,https://in.linkedin.com/company/vishal-communication---india/about/
http://hotel-s-park.com/,Hotel S Park - India,https://in.linkedin.com/company/hotel-s-park---india/about/
http://hotelmint.in/,Hotel Mint - India,https://in.linkedin.com/company/hotel-mint---india/about/
http://laxminiwashotel.com/,Hotel Laxmi Niwas - India,https://in.linkedin.com/company/hotel-laxmi-niwas---india/about/
http://guardianhealthmanagement.com/,Guardian Health Management - India,https://in.linkedin.com/company/guardian-health-management---india/about/
http://rajhansrefractories.com/,Rajhans Refractories - India,https://in.linkedin.com/company/rajhans-refractories---india/about/
http://elevencourse.com/,Eleven Course - India,https://in.linkedin.com/company/eleven-course---india/about/
,CKLABS INDIA PRIVATE LIMITED,https://in.linkedin.com/company/cklabs-india-private-limited/about/
http://onali.com/,Onali M Modi & Co - India,https://in.linkedin.com/company/onali-m-modi-&-co---india/about/
http://kolkatamusicacademy.org/,Kolkata Music Academy - India,https://in.linkedin.com/company/kolkata-music-academy---india/about/
http://hotelabhaypalace.com/,Hotel Abhay Palace - India,https://in.linkedin.com/company/hotel-abhay-palace---india/about/
http://idealmovers.com/,Ideal Movers - India,https://in.linkedin.com/company/ideal-movers---india/about/
http://kondajichivda.com/,Nashik Kondaji Chivda - India,https://in.linkedin.com/company/nashik-kondaji-chivda---india/about/
http://vardayanipower.com/,Vardayani Power Pvt Ltd - India,https://in.linkedin.com/company/vardayani-power-pvt-ltd---india/about/
http://shubhttc.com/,Shubh Tour and Travel Consultancy - India,https://in.linkedin.com/company/shubh-tour-and-travel-consultancy---india/about/
http://dhruvlab.com/,Dhruv Diagnostic Lab - India,https://in.linkedin.com/company/dhruv-diagnostic-lab---india/about/
http://apexenggworks.com/,Apex Engineering Works - India,https://in.linkedin.com/company/apex-engineering-works---india/about/
http://www.miadzmedia.com/,Miadzmedia,https://in.linkedin.com/company/miadzmedia/about/
http://nasasafety.in/,Nasa Safety Solutions - India,https://in.linkedin.com/company/nasa-safety-solutions---india/about/
http://bkinfotech.in/,BK Infotech - India,https://in.linkedin.com/company/bk-infotech---india/about/
http://krishnaproperties.org.in/,Krishna Properties - India,https://in.linkedin.com/company/krishna-properties---india/about/
,Eternia Aluminium Window - India,https://in.linkedin.com/company/eternia-aluminium-window---india/about/
http://travelpeopleindia.com/,Travel People India,https://in.linkedin.com/company/travel-people-india/about/
https://www.innovativepharmacy.in/,Innovative College of Pharmacy,https://in.linkedin.com/company/innovative-college-of-pharmacy/about/
,Hotel Udupi Park Inn - India,https://in.linkedin.com/company/hotel-udupi-park-inn---india/about/
,SULZON LIFECARE (INDIA) PRIVATE LIMITED,https://in.linkedin.com/company/sulzon-lifecare-india-private-limited/about/
http://nishitfloortech.in/,NISHIT FLOORTECH - India,https://in.linkedin.com/company/nishit-floortech---india/about/
http://oneindiagroup.com/,ONE INDIA GROUP,https://in.linkedin.com/company/one-india-group/about/
http://www.finebreakers.com/,Fine Equipment India Pvt Ltd,https://in.linkedin.com/company/fine-equipment-india-pvt-ltd/about/
http://woodandveneers.com/,Wood and Veneers - India,https://in.linkedin.com/company/wood-and-veneers---india/about/
http://shyammotors.com/,Shyam Motors - India,https://in.linkedin.com/company/shyam-motors---india/about/
http://shyammotors.com/,Shyam Motors - India,https://in.linkedin.com/company/shyam-motors---india/about/
http://fabintech.com/,Fabin Technologies - India,https://in.linkedin.com/company/fabin-technologies---india/about/
http://ambayforge.com/,Ambay Forge - India,https://in.linkedin.com/company/ambay-forge---india/about/
http://dcploxygenplant.com/,Delhi Cryogenic Products Pvt. Ltd. - India,https://in.linkedin.com/company/delhi-cryogenic-products-pvt-ltd---india/about/
,United Helth Care India Private Limited,https://in.linkedin.com/company/united-helth-care-india-private-limited/about/
http://barodalaparoscopy.com/,Baroda Laparoscopy Hospital - India,https://in.linkedin.com/company/baroda-laparoscopy-hospital---india/about/
http://meowstudio.in/,Meow Studio - India,https://in.linkedin.com/company/meow-studio---india/about/
http://suhanasafar.com/,Suhana Safar - India,https://in.linkedin.com/company/suhana-safar---india/about/
http://youthforbetterindia.com/,Youth for Better India,https://in.linkedin.com/company/youth-for-better-india/about/
,BTN-INSULO INDIA PRIVATE LIMITED,https://in.linkedin.com/company/btn-insulo-india-private-limited/about/
,STERIMED SURNGICALS (INDIA) PRIVATE LIMITED,https://in.linkedin.com/company/sterimed-surngicals-india-private-limited/about/
http://leionindia.com/,Leion Engineering - India,https://in.linkedin.com/company/leion-engineering---india/about/
http://krishnainn.in/,Krishna Inn - India,https://in.linkedin.com/company/krishna-inn---india/about/
,EIE ENGINEERING INDIA PRIVATE LIMITED,https://in.linkedin.com/company/eie-engineering-india-private-limited/about/
http://reliancecalibration.com/,Reliance Calibration Laboratory - India,https://in.linkedin.com/company/reliance-calibration-laboratory---india/about/
,Hotel Sheetal - India,https://in.linkedin.com/company/hotel-sheetal---india/about/
http://hotelniky.com/,Hotel Niky International - India,https://in.linkedin.com/company/hotel-niky-international---india/about/
http://wslgroupindia.com/,Welcome Shoes Private Limited - India,https://in.linkedin.com/company/welcome-shoes-private-limited---india/about/
http://binayakaluminium.com/,Binayak Aluminium - India,https://in.linkedin.com/company/binayak-aluminium---india/about/
,BRIGHT STONE,https://in.linkedin.com/company/exportersofgranite?trk=similar-pages/about/
http://www.indiaviewtravel.com/,India View Travel,https://in.linkedin.com/company/india-view-travel/about/
http://www.dsconsulting.co.in/,"D S Consulting, Pune India",https://in.linkedin.com/company/d-s-consulting-pune-india/about/
https://www.indiamart.com/indian-ionexchange/,Indian Ion Exchange,https://in.linkedin.com/company/indian-ion-exchange/about/
https://www.raaveeimpex.com/,RAAVEE IMPEX,https://in.linkedin.com/company/raavee-impex/about/
http://muktaihospital.com/,Muktai Hospital - India,https://in.linkedin.com/company/muktai-hospital---india/about/
https://flyfuture.in/,Fly Future Education,https://in.linkedin.com/company/fly-future-education/about/
http://sanaaree.com/,Sanaaree Computers - India,https://in.linkedin.com/company/sanaaree-computers---india/about/
http://realwealth.co.in/,Realwealth India,https://in.linkedin.com/company/realwealth-india/about/
,KYNDAL INDIA PRIVATE LIMITED,https://in.linkedin.com/company/kyndal-india-private-limited/about/
http://shailgroup.in/,Shail Dental System - India,https://in.linkedin.com/company/shail-dental-system---india/about/
http://ganeshmobileshubli.blogspot.com/,Ganesh Mobiles - India,https://in.linkedin.com/company/ganesh-mobiles---india/about/
http://zyetel.com/,ZYETEL - India,https://in.linkedin.com/company/zyetel---india/about/
http://jetexinfotech.com/,Jetex Infotech Pvt. Ltd. - India,https://in.linkedin.com/company/jetex-infotech-pvt-ltd---india/about/
,Mahakali Construction - India,https://in.linkedin.com/company/mahakali-construction---india/about/
http://vidyavikasini.edu.in/,VIDYA VIKASINI INSTITUTIONS - India,https://in.linkedin.com/company/vidya-vikasini-institutions---india/about/
http://swaramhearing.com/,Swaram Hearing Aid Centre - India,https://in.linkedin.com/company/swaram-hearing-aid-centre---india/about/
http://www.platinumgroup.in/,Platinum Rent A Car & Holidays ( ...,https://in.linkedin.com/company/platinumrentacarnholidays/about/
,Travcare Holidays - India,https://in.linkedin.com/company/travcare-holidays---india/about/
http://www.ipcvalves.com/,INTEGRAL PROCESS CONTROLS (INDIA) PRIVATE ...,https://in.linkedin.com/company/integral-process-controls-india-private-limited/about/
,INIEWA,https://in.linkedin.com/company/iniewa?trk=public_profile_experience-item_profile-section-card_subtitle-click/about/
http://ceosearchindia.in/,CEO Search India Pvt. Ltd.,https://in.linkedin.com/company/ceo-search-india-pvt-ltd-?trk=public_profile_experience-item_profile-section-card_image-click/about/
http://chaudharihospital.weebly.com/,Chaudhari Hospital - India,https://pk.linkedin.com/company/chaudhari-hospital---india/about/
http://www.ampiwest.org.in/,Association Of Medical Physicists Of India,https://uk.linkedin.com/company/association-of-medical-physicists-of-india?trk=public_profile_profile-section-card_subtitle-click/about/
http://skspl.co.in/,Shivam Knowledge Solution Pvt. Ltd. - India,https://au.linkedin.com/company/shivam-knowledge-solution-pvt-ltd---india/about/
,Jabalpur Properties - India,https://www.linkedin.com/company/jabalpur-properties---india?trk=ppro_cprof/about/
http://www.gatewayhaven.%2Ccom/,GatewayHaven,https://in.linkedin.com/company/gatewayhaven/about/
,Oxford IndiaTours,https://uk.linkedin.com/company/ralla-ram-india-culture-tours?trk=public_profile_experience-item_profile-section-card_subtitle-click/about/
http://www.sitcpl.com/,Sudiksha IT Care Private Limited,https://gh.linkedin.com/company/sudiksha-it-care-private-limited/about/
,"Eather's Electrical - Company Information, Products & Updates",https://au.linkedin.com/company/eatherselec?trk=public_profile_experience-item_profile-section-card_image-click/about/
http://talkitover.com.au/,TALK IT OVER LIMITED,https://uk.linkedin.com/company/talk-it-over-limited/about/
